{"cameraMode":{"drawMode":0,"name":"Shaded","section":"Shading Mode"},"sceneLighting":false,"audioPlay":false,"sceneViewState":{"showFog":true,"showMaterialUpdate":false,"showSkybox":false,"showFlares":true,"showImageEffects":true,"showParticleSystems":true},"in2DMode":false,"pivot":{"x":-10.952972412109375,"y":4.12000036239624,"z":9.600000381469727},"rotation":{"x":-0.2849314510822296,"y":-0.528465747833252,"z":0.19398823380470277,"w":-0.775897204875946},"size":27.815702438354493,"orthographic":false}