{"cameraMode":{"drawMode":0,"name":"Shaded","section":"Shading Mode"},"sceneLighting":false,"audioPlay":false,"sceneViewState":{"showFog":true,"showMaterialUpdate":false,"showSkybox":false,"showFlares":true,"showImageEffects":true,"showParticleSystems":true},"in2DMode":false,"pivot":{"x":0.003598421812057495,"y":0.07665067166090012,"z":0.007608786225318909},"rotation":{"x":-0.038243368268013,"y":-0.508001983165741,"z":0.022528693079948427,"w":-0.8602775931358337},"size":1.4064419269561768,"orthographic":false}