{"cameraMode":{"drawMode":0,"name":"Shaded","section":"Shading Mode"},"sceneLighting":false,"audioPlay":false,"sceneViewState":{"showFog":true,"showMaterialUpdate":false,"showSkybox":false,"showFlares":true,"showImageEffects":true,"showParticleSystems":true},"in2DMode":false,"pivot":{"x":-0.9557905197143555,"y":2.3016159534454347,"z":-18.65966033935547},"rotation":{"x":-0.20743228495121003,"y":0.4796750843524933,"z":-0.11788014322519303,"w":-0.8444501161575317},"size":3.0650634765625,"orthographic":false}