{"cameraMode":{"drawMode":0,"name":"Shaded","section":"Shading Mode"},"sceneLighting":false,"audioPlay":false,"sceneViewState":{"showFog":true,"showMaterialUpdate":false,"showSkybox":false,"showFlares":true,"showImageEffects":true,"showParticleSystems":true},"in2DMode":false,"pivot":{"x":-0.051815032958984378,"y":3.6889827251434328,"z":0.20426702499389649},"rotation":{"x":-0.26730310916900637,"y":-0.2609975039958954,"z":0.07531800121068955,"w":-0.9245801568031311},"size":6.2503156661987309,"orthographic":false}