{"cameraMode":{"drawMode":0,"name":"Shaded","section":"Shading Mode"},"sceneLighting":false,"audioPlay":false,"sceneViewState":{"showFog":true,"showMaterialUpdate":false,"showSkybox":false,"showFlares":true,"showImageEffects":true,"showParticleSystems":true},"in2DMode":false,"pivot":{"x":4.023724555969238,"y":-0.4661986827850342,"z":4.157175540924072},"rotation":{"x":-0.2945254445075989,"y":0.10663176327943802,"z":-0.03319232910871506,"w":-0.9491373896598816},"size":3.3371171951293947,"orthographic":false}