{"cameraMode":{"drawMode":0,"name":"Shaded","section":"Shading Mode"},"sceneLighting":false,"audioPlay":false,"sceneViewState":{"showFog":true,"showMaterialUpdate":false,"showSkybox":false,"showFlares":true,"showImageEffects":true,"showParticleSystems":true},"in2DMode":false,"pivot":{"x":-0.9095616340637207,"y":-0.7904651165008545,"z":0.6905789971351624},"rotation":{"x":-0.2695861756801605,"y":-0.5464262366294861,"z":0.19132524728775025,"w":-0.7695720791816711},"size":3.0470762252807619,"orthographic":false}