{"cameraMode":{"drawMode":0,"name":"Shaded","section":"Shading Mode"},"sceneLighting":false,"audioPlay":false,"sceneViewState":{"showFog":true,"showMaterialUpdate":false,"showSkybox":false,"showFlares":true,"showImageEffects":true,"showParticleSystems":true},"in2DMode":false,"pivot":{"x":9.26425552368164,"y":3.0871477127075197,"z":-16.38778305053711},"rotation":{"x":-0.2849314510822296,"y":-0.528465747833252,"z":0.19398823380470277,"w":-0.775897204875946},"size":8.732240676879883,"orthographic":false}