{"cameraMode":{"drawMode":0,"name":"Shaded","section":"Shading Mode"},"sceneLighting":false,"audioPlay":false,"sceneViewState":{"showFog":true,"showMaterialUpdate":false,"showSkybox":false,"showFlares":true,"showImageEffects":true,"showParticleSystems":true},"in2DMode":false,"pivot":{"x":-0.23816020786762238,"y":2.1445465087890627,"z":-11.826001167297364},"rotation":{"x":-0.6773009300231934,"y":-0.09769593179225922,"z":0.0912698432803154,"w":-0.7235199213027954},"size":6.315331935882568,"orthographic":false}