{"cameraMode":{"drawMode":0,"name":"Shaded","section":"Shading Mode"},"sceneLighting":false,"audioPlay":false,"sceneViewState":{"showFog":true,"showMaterialUpdate":false,"showSkybox":false,"showFlares":true,"showImageEffects":true,"showParticleSystems":true},"in2DMode":false,"pivot":{"x":-27.27556800842285,"y":1.1911098957061768,"z":12.75273609161377},"rotation":{"x":-0.2849314510822296,"y":-0.528465747833252,"z":0.19398823380470277,"w":-0.775897204875946},"size":0.6062871813774109,"orthographic":false}