{"cameraMode":{"drawMode":0,"name":"Shaded","section":"Shading Mode"},"sceneLighting":false,"audioPlay":false,"sceneViewState":{"showFog":true,"showMaterialUpdate":false,"showSkybox":false,"showFlares":true,"showImageEffects":true,"showParticleSystems":true},"in2DMode":false,"pivot":{"x":3.0342206954956056,"y":0.5954219102859497,"z":-1.4210436344146729},"rotation":{"x":-0.26730310916900637,"y":-0.2609975039958954,"z":0.07531800121068955,"w":-0.9245801568031311},"size":1.8021469116210938,"orthographic":false}