{"cameraMode":{"drawMode":0,"name":"Shaded","section":"Shading Mode"},"sceneLighting":false,"audioPlay":false,"sceneViewState":{"showFog":true,"showMaterialUpdate":false,"showSkybox":false,"showFlares":true,"showImageEffects":true,"showParticleSystems":true},"in2DMode":false,"pivot":{"x":-2.528538703918457,"y":5.914757251739502,"z":5.9292144775390629},"rotation":{"x":-0.26730310916900637,"y":-0.2609975039958954,"z":0.07531800121068955,"w":-0.9245801568031311},"size":1.8000173568725587,"orthographic":false}