{"cameraMode":{"drawMode":0,"name":"Shaded","section":"Shading Mode"},"sceneLighting":false,"audioPlay":false,"sceneViewState":{"showFog":true,"showMaterialUpdate":false,"showSkybox":false,"showFlares":true,"showImageEffects":true,"showParticleSystems":true},"in2DMode":false,"pivot":{"x":0.03343188762664795,"y":15.663498878479004,"z":-16.200000762939454},"rotation":{"x":-0.16744032502174378,"y":-0.15663547813892365,"z":0.026861459016799928,"w":-0.9730299711227417},"size":3.5892512798309328,"orthographic":false}