{"cameraMode":{"drawMode":0,"name":"Shaded","section":"Shading Mode"},"sceneLighting":false,"audioPlay":false,"sceneViewState":{"showFog":true,"showMaterialUpdate":false,"showSkybox":false,"showFlares":true,"showImageEffects":true,"showParticleSystems":true},"in2DMode":false,"pivot":{"x":-22.99982452392578,"y":2.9171931743621828,"z":14.182552337646485},"rotation":{"x":-0.26730310916900637,"y":-0.2609975039958954,"z":0.07531800121068955,"w":-0.9245801568031311},"size":22.77188491821289,"orthographic":false}