{"cameraMode":{"drawMode":0,"name":"Shaded","section":"Shading Mode"},"sceneLighting":false,"audioPlay":false,"sceneViewState":{"showFog":true,"showMaterialUpdate":false,"showSkybox":false,"showFlares":true,"showImageEffects":true,"showParticleSystems":true},"in2DMode":false,"pivot":{"x":4.234071254730225,"y":-3.7376556396484377,"z":-13.054670333862305},"rotation":{"x":-0.21795126795768739,"y":-0.45825886726379397,"z":0.11688324064016342,"w":-0.853762149810791},"size":0.8660253882408142,"orthographic":false}